registration_number,registry_name,foi_name,match_score,postcode_areas,postcode_count,cities,geographic_reach
PF000924,34 Camphill Avenue Owners Association,34 Camphill Avenue Owners Association,100.0,G41,1,Glasgow,local
PF000622,91BC Property Services Limited,91BC Property Services Limited,100.0,"EH11,EH12,EH14,EH39,EH7,FK7,FK9,G1,G11,G12,G13,G14,G2,G20,G21,G23,G3,G31,G32,G33,G4,G40,G41,G42,G43,G44,G51,G63,G64,G66,G69,G72,G73,G74,G75,G76,G77,G81,G82,G83,G84,KA10,KA30,KY12,ML1,ML11,ML12,ML2,ML3,ML5,ML6,PA1,PA11,PA13,PA2,PA23,PA3,PA4,PA6,PH7",60,,national
PF000723,A W Middleton,A W Middleton,100.0,EH55,1,,local
PF000530,Abacus Property Factors Ltd,Abacus Property Factors Ltd,100.0,"EH21,EH26,KY12,KY4",4,,local
PF001065,Abba Land and Property Limited,Abba Land and Property Limited,100.0,"KA1,KY15,PA1",3,,local
PF000534,Abbey Construction (Scotland) Ltd,Abbey Construction (Scotland) Ltd,100.0,G74,1,,local
PF000256,Abbey Forth Property Management Limited,Abbey Forth Property Management Limited,100.0,"EH3,FK5,G73,KY1,KY11,KY12,KY13,KY15,KY4",9,,regional
PF000342,ABE Factors Ltd,ABE Factors Ltd,100.0,"G1,G32",2,,local
PF000255,Aberdeen City Council,Aberdeen City Council,100.0,"AB10,AB11,AB12,AB15,AB16,AB24,AB25",7,,regional
PF000270,Aberdeen Property Leasing Limited,Aberdeen Property Leasing Limited,100.0,"AB10,AB11,AB14,AB15,AB21,AB24,AB25,AB31,AB32,AB52",10,Aberdeen,regional
PF000371,Aberdeenshire Council,Aberdeenshire Council,100.0,"AB42,AB51",2,,local
PF000206,Abertay Housing Association Ltd,Abertay Housing Association Ltd,100.0,"DD0,DD1,DD2,DD3,DD37HS,DD4,DD8",7,"Dundee,Forfar",regional
PF000861,AboveBoard Homes Ltd,AboveBoard Homes Ltd,100.0,"EH15,EH16,EH3,EH4,EH53,EH6,EH8",7,,regional
PF000943,Acre Lettings Ltd,Acre Lettings Ltd,100.0,KA30,1,,local
PF001092,Afton Builders Limited,Afton Builders Limited,100.0,KA18,1,LUGAR,local
PF000496,Ainsley Smith & Co Ltd,Ainsley Smith & Co Ltd,100.0,PA34,1,"Isle of Kerrera,Oban",local
PF000875,Alan Gebbie,Alan Gebbie,100.0,KA10,1,,local
PF000670,Alderglen Factor Association,Alderglen Factor Association,100.0,G61,1,Bearsden,local
PF000521,Alison Bruce Property Management Ltd,Alison Bruce Property Management Ltd,100.0,"DD1,DD2,DD4,PH2",4,,local
PF000181,Almond Housing Association Limited,Almond Housing Association Limited,100.0,EH54,1,Livingston,local
PF000346,ANCHO Ltd,ANCHO Ltd,100.0,"KA11,KA12,KA13",3,,local
PF000129,Angus Housing Association Limited,Angus Housing Association Limited,100.0,"DD10,DD11,DD3,DD4,DD5,DD7,DD8,DD9",8,"Arbroath,Auchmithie,Brechin,Carnoustie,Dundee,Forfar,Kirriemuir,Letham,Montrose",regional
PF000392,Anne Gordon,Anne Gordon,100.0,"G1,G11,G12,G13,G20,G3,G31,G4,G41,G42,G43,G44,G51,G52,G72,G73",16,,national
PF000709,Aquila Management Services Limited,Aquila Management Services Limited,100.0,"EH12,G12,G3,G31,G32,G41,G42,G73,G82,ML3,ML5,ML6,PA2",13,"Airdrie,Caldercruix,Coatbridge,Dumbarton,Edinburgh,Glasgow,Hamilton,Paisley,Rutherglen",regional
PF000513,Archerfield House Hotel Management Limited,Archerfield House Hotel Management Limited,100.0,"EH39,EH41",2,Dirleton,local
PF000168,Ardenglen Housing Association Ltd,Ardenglen Housing Association Ltd,100.0,G45,1,Castlemilk,local
PF000302,Argyll Community Housing Association Limited,Argyll Community Housing Association Limited,100.0,"G82,G83,G84,PA20,PA21,PA22,PA23,PA24,PA27,PA28,PA29,PA30,PA31,PA32,PA33,PA34,PA35,PA37,PA38,PA42,PA43,PA45,PA46,PA48,PA49,PA65,PA72,PA75",28,"Appin,Ardrishaig,Arrochar,Ballygrant,Bonawe,Bowmore,Bruichladdich,Cairnbaan,Campbeltown,Carradale,Clachan,Colintraive,Connel,Craignure,Dalmally,Drumlemble,Dunbeg,Dunoon,Furnace,Helensburgh,Innellan,Inveraray,Kames,Keills,Lochgilphead,Lochgoilhead,Machrihanish,Muasdale,Oban,Port Charlotte,Port Ellen,Rothesay,Saddell,Salen,Sandbank,Stewarton,Strachur,Strone,Tarbert,Tayinloan,Taynuilt,Tighnabruaich,Tobermory",national
PF001070,Argyll Letting Services Limited,Argyll Letting Services Limited,100.0,PA23,1,,local
PF000926,ASC Asset Management (EK) Ltd,ASC Asset Management (EK) Ltd,100.0,G81,1,,local
PF000316,Atholls Ltd,Atholls Ltd,100.0,"AB10,AB11,AB14,AB15,AB21,AB24,AB25,AB33,AB34,AB39,AB41,AB42,AB43,AB45,AB51,AB53,DD10,DD5,EH8,PH8",20,"Fraserburgh,Peterhead,Stonehaven",national
PF000189,Atrium Initiatives Limited,Atrium Initiatives Limited,100.0,"KA1,KA3,KA4",3,"Galston,Kilmarnock,Stewarton",local
PF000978,Avongreen Abodes Ltd,Avongreen Abodes Ltd,100.0,ML3,1,Hamilton,local
PF000260,Ayrshire Housing,Ayrshire Housing,100.0,"KA1,KA10,KA19,KA2,KA26,KA6,KA7,KA8,KA9",9,"Ayr,Dailly,Dundonald,Girvan,Prestwick,Troon",regional
PF000435,Bastion Property Management Ltd,Bastion Property Management Ltd,100.0,FK8,1,,local
PF000626,Bell Ingram LLP,Bell Ingram LLP,100.0,PA16,1,,local
PF000721,BeneFactors Property Management Limited,BeneFactors Property Management Limited,100.0,"AB11,AB15,AB24,AB31,AB39",5,,regional
PF000146,Bield Housing & Care,Bield Housing & Care,100.0,"DD5,EH11,EH16,EH39,EH6,FK2,FK7,FK8,FK9,G13,G14,G61,G77,KA7,KY1,KY12,KY19,PH2",18,,national
PF000422,Blackadders LLP,Blackadders LLP,100.0,DD4,1,,local
PF000298,Blackwood Homes & Care,Blackwood Homes & Care,100.0,"EH53,G20,KA25,KY1,ML2,ML6,PA16,PA4",8,,regional
PF000276,Blairtummock Housing Association Limited,Blairtummock Housing Association Limited,100.0,G34,1,,local
PF000257,Blochairn Housing Association Ltd,Blochairn Housing Association Ltd,100.0,"802032,G21",2,,local
PF000441,Block Property Management Ltd,Block Property Management Ltd,100.0,"PH34,PH35",2,"By Spean Bridge,Invergarry",local
PF000869,Blosshome Property Management Ltd,Blosshome Property Management Ltd,100.0,"PA20,PA23",2,,local
PF000449,Blythswood Property Management Ltd,Blythswood Property Management Ltd,100.0,"DG8,EH1,EH10,EH49,EH9,G11,G12,G2,G20,G3,G4,G61,G77,G84,KA1,KY13,ML1,ML3,PH15,PH16,PH2",21,,national
PF001016,Bowman Rebecchi Limited,Bowman Rebecchi Limited,100.0,PA16,1,,local
PF000719,Brian Stewart,Brian Stewart,100.0,DD3,1,dundee,local
PF000105,Bridgewater Housing Association Limited,Bridgewater Housing Association Limited,100.0,PA8,1,Erskine,local
PF000830,Brio Retirement Living (Holdings) Limited,Brio Retirement Living (Holdings) Limited,100.0,AB39,1,,local
PF000974,Bryan Murray,Bryan Murray,100.0,DD1,1,,local
PF000769,Bute Factors Ltd,Bute Factors Ltd,100.0,PA20,1,,local
PF000259,Cadder Housing Association,Cadder Housing Association,100.0,"G20,G23",2,,local
PF000292,Cairn Housing Association Ltd,Cairn Housing Association Ltd,100.0,"EH47,G22,IV1,IV12,IV15,IV16,IV2,IV3,IV6,IV7,IV8,KW1,KW14,ML5,PH22,PH24",16,,national
PF000764,Calderwood Community Services Limited,Calderwood Community Services Limited,100.0,EH53,1,,local
PF000222,Caledonia Housing Association Limited,Caledonia Housing Association Limited,100.0,"DD2,DD3,DD5,DD6,DD7,DD8,DD9,G33,G62,G64,G66,G69,G81,G82,IV2,ML5,PH1,PH10,PH13,PH15,PH16,PH2,PH7,PH8",24,,national
PF000331,Calvay Housing Association Ltd,Calvay Housing Association Ltd,100.0,G33,1,Glasgow,local
PF000154,Cassiltoun Housing Association Limited,Cassiltoun Housing Association Limited,100.0,G45,1,,local
PF000161,Castlehill Housing Association Limited,Castlehill Housing Association Limited,100.0,"AB10,AB14,AB15,AB24,AB30,AB31,AB34,AB39,AB51,AB53,AB54",11,,regional
PF000230,Cathcart and District Housing Association Limited,Cathcart and District Housing Association Limited,100.0,"G42,G44",2,,local
PF000149,Cernach Housing Association Limited,Cernach Housing Association Limited,100.0,G15,1,Glasgow,local
PF000727,Chapelton Community Interest Company,Chapelton Community Interest Company,100.0,AB39,1,Chapelton,local
PF000225,Charing Cross Housing Association Ltd,Charing Cross Housing Association Ltd,100.0,"G11,G12,G2,G20,G3,G4,G41",7,,regional
PF000153,Charles White Limited,Charles White Limited,100.0,"DD5,EH1,EH10,EH11,EH12,EH13,EH14,EH15,EH16,EH17,EH18,EH19,EH20,EH21,EH22,EH26,EH29,EH3,EH30,EH31,EH32,EH39,EH4,EH41,EH45,EH49,EH5,EH51,EH52,EH53,EH54,EH6,EH7,EH8,EH9,FK10,FK14,FK2,FK5,FK9,G43,G76,KY1,KY11,KY12,KY2,KY3,KY8,PH1,PH10,PH2,PH3,PH7,TD14,TD2",55,,national
PF001055,Chesnutt Skeoch Ltd,Chesnutt Skeoch Ltd,100.0,PA18,1,,local
PF000927,Christopher Moore,Christopher Moore,100.0,PH2,1,,local
PF000773,CKD Galbraith LLP,CKD Galbraith LLP,100.0,"PH15,PH2,PH3",3,,local
PF000171,Cloch Housing Association Ltd,Cloch Housing Association Ltd,100.0,"PA14,PA15,PA16",3,Greenock,local
PF000106,Clyde Valley Property Services Limited,Clyde Valley Property Services Limited,100.0,"G67,G71,G72,ML1,ML11,ML3,ML4,ML5,ML6,ML7,ML8,ML9",12,"Airdrie,Bellshill,Blantyre,Cambuslang,Carluke,Coatbridge,Douglas,Hamilton,Harthill,Holytown,Lesmahagow,Motherwell,Newarthill,Uddingston",regional
PF000231,Clydebank Housing Association Limited,Clydebank Housing Association Limited,100.0,G81,1,Clydebank,local
PF000354,Clydeport Properties Ltd,Clydeport Properties Ltd,100.0,"KA22,PA15",2,Ardrossan,local
PF000289,Clydesdale Housing Association Ltd,Clydesdale Housing Association Ltd,100.0,"ML11,ML12,ML8",3,"Braidwood,Carluke,Carnwath,Carstairs,Kirkfieldbank,Lanark,Symington",local
PF001079,Colonsay Community Development Company,Colonsay Community Development Company,100.0,PA61,1,Scalasaig,local
PF000274,Copperworks Housing Association Ltd,Copperworks Housing Association Ltd,100.0,G21,1,,local
PF000319,Cordale Housing Association Limited,Cordale Housing Association Limited,100.0,G82,1,"Dumbarton,Renton",local
PF001080,Cowiesburn Asset Management LLP,Cowiesburn Asset Management LLP,100.0,"EH2,EH3",2,,local
PF000223,Craigdale Housing Association Ltd,Craigdale Housing Association Ltd,100.0,"G45,G45-9DL",2,,local
PF000297,CRM Students Limited,CRM Students Limited,100.0,DD1,1,,local
PF000517,Cullen Property Limited,Cullen Property Limited,100.0,EH8,1,Edinburgh,local
PF000976,Cumming Turner & Watt,Cumming Turner & Watt,100.0,"DG10,G1,G11,G12,G13,G15,G20,G21,G31,G32,G33,G41,G42,G44,G5,G51,G53,G68,G71,G77,KA7,KA8,ML1,ML10,ML2,ML3,ML4,ML5,ML6,ML8,PA13,PA14,PA19,PA4",34,,national
PF000210,Cunninghame Housing Association Limited,Cunninghame Housing Association Limited,100.0,"KA11,KA12,KA15,KA20,KA21,KA22,KA23,KA25,KA28,KA3,KA30",11,"Ardrossan,Beith,Dalry,Irvine,Kilbirnie,Kilmarnock,Kilwinning,Largs,Millport,Saltcoats,Stevenston,West Kilbride",regional
PF000956,C-urb 6 Ltd,C-urb 6 Ltd,100.0,"E54,EH10,EH11,EH12,EH14,EH15,EH16,EH17,EH21,EH22,EH25,EH26,EH3,EH30,EH32,EH4,EH47,EH48,EH49,EH5,EH51,EH52,EH53,EH54,EH55,EH6,EH7,EH8,FK1,FK12,FK2,FK3,FK6,FK8,FK9,G1,G2,G22,G3,G31,G32,G33,G4,G40,G5,G51,G52,G53,G66,G67,G68,G69,G72,G73,G77,G78,G81,G83,KA5,KY1,KY12,KY2,KY5,KY7,ML1,ML3,ML5,ML6,PA1,PA12,PA14,PA2,PA3,PA4,PA5,PA8,PH33,TD12",78,"Addiwell,Airdrie,Armdale,Bathgate,Bathgate_x000D_,Blackburn,Boness,Broxburn,East Calder_x000D_,Fauldhouse,Linlithgow,Livingston,Polbeth,Polbeth_x000D_,Port Glasgow,Stoneyburn,Uphall,West Calder,Whitburn",national
PF000114,D & I Scott Property Management,D & I Scott Property Management,100.0,"G1,G11,G12,G20,G41,G42,G43,G44,G46,G73,G77,PA2",12,,regional
PF000397,Dalmuir Park Housing Association Limited,Dalmuir Park Housing Association Limited,100.0,"G60,G81",2,,local
PF000546,David Robin Wardhaugh,David Robin Wardhaugh,100.0,DD3,1,,local
PF000374,Davidson & Robertson Limited,Davidson & Robertson Limited,100.0,AB41,1,,local
PF000734,Denise Baykal,Denise Baykal,100.0,PH1,1,,local
PF000554,Direct Lettings (Scotland) Ltd,Direct Lettings (Scotland) Ltd,100.0,"DD2,DD3,DD8,PH1,PH2",5,,regional
PF001015,DJM Property Services & Contracts Ltd,DJM Property Services & Contracts Ltd,100.0,"FK1,FK10,FK2",3,,local
PF000967,Donald Ross Morrison,Donald Ross Morrison,100.0,HS1,1,Stornoway,local
PF000718,Duffield Morgan Limited,Duffield Morgan Limited,100.0,KA3,1,"Kilmarnock,Kilmaurs, Kilmarnock, KA3 2LP",local
PF000131,Dumfries and Galloway Homes Limited,Dumfries and Galloway Homes Limited,100.0,DG10,1,,local
PF000313,Dunbritton Housing Association Limited,Dunbritton Housing Association Limited,100.0,"G82,G83,G84",3,"Alexandria,Arrochar,Dumbarton,Garelochhead,Helensburgh,Rosneath",local
PF000176,Dundee City Council,Dundee City Council,100.0,"DD1,DD2,DD3,DD4,DD5",5,,regional
PF000382,East Ayrshire Council,East Ayrshire Council,100.0,"KA1,KA16,KA17,KA18,KA3,KA4,KA5,KA6",8,,regional
PF000375,East Dunbartonshire Council,East Dunbartonshire Council,100.0,G64,1,Bishopbriggs,local
PF000229,East Kilbride and District Housing Association Ltd,East Kilbride and District Housing Association Ltd,100.0,G75,1,East Kilbride,local
PF000386,East Lothian Housing Association Ltd,East Lothian Housing Association Ltd,100.0,"EH21,EH33,EH39,EH41,EH42",5,"Dunbar,Tranent,Whitecraig",regional
PF000343,East Renfrewshire Council,East Renfrewshire Council,100.0,"G46,G76,G77,G78",4,,local
PF000393,Easthall Park Housing Association Limited,Easthall Park Housing Association Limited,100.0,"G33,G34",2,Glasgow,local
PF000915,Ebury Management Limited,Ebury Management Limited,100.0,IV23,1,,local
PF000725,Edinburgh Block Management Ltd,Edinburgh Block Management Ltd,100.0,"EH1,EH10,EH11,EH16,EH2,EH3,EH4,EH6,EH7,EH8,EH9",11,,regional
PF000796,Edwin Thompson LLP,Edwin Thompson LLP,100.0,"TD1,TD12,TD5,TD6,TD8",5,,regional
PF000947,Eglinton Ashley Land and Property Management Ltd,Eglinton Ashley Land and Property Management Ltd,100.0,G3,1,,local
PF000205,Eildon Housing Association Ltd,Eildon Housing Association Ltd,100.0,"EH44,EH45,EH46,ML12,ML13,TD1,TD2,TD5,TD6,TD9",10,"Broughton,Innerleithen,Kelso,Lauder,Newstead,Peebles,Ruberslaw,Tweedbank,West Linton",regional
PF000197,Elderpark Housing Association Limited,Elderpark Housing Association Limited,100.0,"G41,G51,POST,POSTCODE",4,Glasgow,local
PF000844,Empardio Limited,Empardio Limited,100.0,FK5,1,Larbert,local
PF000941,Ethical Factors Ltd,Ethical Factors Ltd,100.0,G51,1,,local
PF000158,Ethical Maintenance C.I.C,Ethical Maintenance C.I.C,100.0,"AB24,AB31,AB34,AB39,AB41,AB51,AB52,EH16,EH49,EH6,FK1,FK16,FK17,FK8,FK9,G12,G3,G33,G44,G52,G82,KY1,KY12,KY5,ML2,PA1,PH2,RH16,TD5",29,"Aberdeen,Aboyne,Blairhall Dunfermline,Bridge of Allan,Callander,Doune,Drumlithie Stonehaven,Dumbarton,Edinburgh,Falkirk,Finzean,Glasgow,Insch,Kelso,Kintore,Kirkcaldy,Leith,Linlithgow,Lochgelly,Paisley,Perth,Stirling,Tarves,Wishaw",national
PF000809,Facilities Management Scotland Limited,Facilities Management Scotland Limited,100.0,FK21,1,Killin,local
PF001012,Factors Direct Limited,Factors Direct Limited,100.0,"EH14,FK17,G3,G33,G41,G46,G62,G75,G76,G77,G82,G84,KY1",13,Glasgow,regional
PF000406,Factotum (Scotland) Ltd,Factotum (Scotland) Ltd,100.0,"EH1,EH12,EH3,EH4,EH6,EH7,EH8",7,,regional
PF000365,Falkirk Council,Falkirk Council,100.0,FK1,1,,local
PF000832,FBR Seed Limited,FBR Seed Limited,100.0,"TD1,TD12",2,,local
PF000361,Fife Council,Fife Council,100.0,"DD6,FK10,KY1,KY10,KY11,KY12,KY15,KY16,KY2,KY3,KY4,KY5,KY6,KY7,KY8",15,,national
PF000142,Fife Housing Association Limited,Fife Housing Association Limited,100.0,"KY1,KY11,KY12,KY2,KY3,KY4,KY5,KY8",8,"Buckhaven,Burntisland,Ceres,Comrie,Cowdenbeath,Crombie,Culross,Dalgety Bay,Dunfermline,Dunfermline_x000D_
Fife_x000D_
KY11 4DT,Dysart,East Wemyss,High Valleyfield,Hill of Beath,Inverkeithing,Kennoway,Kinghorn,Kirkcaldy,Leven,Lochgelly,Lumphinnans,Methil,Oakley,Rosyth",regional
PF000904,Fior Asset and Property Limited,Fior Asset and Property Limited,100.0,"DD3,EH1,EH11,EH12,EH2,EH3,EH6,EH7,G14,KA15,KA23,ML11,PH2",13,,regional
PF000095,FirstPort Property Services Scotland Limited,FirstPort Property Services Scotland Limited,100.0,"AB11,AB15,AB24,AB31,AB38,AB41,AB51,DD2,DD5,DD6,DD8,DG1,DG11,DG12,DG2,DG5,DG7,DG8,DG9,EH10,EH12,EH13,EH14,EH22,EH23,EH26,EH3,EH4,EH42,EH45,EH49,EH52,EH6,EH7,EH8,EH9,FK1,FK10,FK4,FK5,G13,G20,G31,G32,G42,G43,G44,G46,G62,G64,G67,G69,G71,G72,G73,G74,G76,G81,IV1,IV15,IV17,IV18,IV19,IV2,IV3,IV30,IV36,IV4,KA10,KA3,KA30,KA9,KW10,KW9,KY1,KY11,KY12,KY15,KY16,ML1,ML12,ML2,ML3,ML4,ML5,PA1,PA13,PA19,PA2,PA4,PH1,PH10,PH16,PH2,PH21,PH22,PH7,TD5",98,Inverness,national
PF000511,Fleming House Factors Limited,Fleming House Factors Limited,100.0,G3,1,,local
PF000963,Florence Adeline Ltd,Florence Adeline Ltd,100.0,G12,1,Glasgow,local
PF000179,Forgewood Housing Co-operative Ltd,Forgewood Housing Co-operative Ltd,100.0,ML1,1,,local
PF000217,Forth Housing Association Ltd,Forth Housing Association Ltd,100.0,"FK15,FK7,FK8",3,,local
PF000798,FSHC Management Services (Galashiels) Limited,FSHC Management Services (Galashiels) Limited,100.0,TD1,1,Galashiels,local
PF000155,Fyne Homes Ltd,Fyne Homes Ltd,100.0,"PA20,PA23,PA26,PA27,PA28,PA29,PA30,PA31,PA32",9,"Campbeltown,Dunoon",regional
PF000322,G M Thomson & Co,G M Thomson & Co,100.0,"DG1,DG10,DG2",3,Dumfries,local
PF000592,Gadloch Limited,Gadloch Limited,100.0,G66,1,,local
PF001024,Galloway and Ayrshire Properties Ltd,Galloway and Ayrshire Properties Ltd,100.0,DG8,1,Newton Stewart,local
PF000194,Gardeen Housing Association Limited,Gardeen Housing Association Limited,100.0,G33,1,,local
PF000886,Gardiner Waters Limited,Gardiner Waters Limited,100.0,G3,1,Glasgow,local
PF000178,Garrion People's Housing Co-operative Limited,Garrion People's Housing Co-operative Limited,100.0,"ML2,ML20LR",2,,local
PF000975,Gilmour Property Services Ltd,Gilmour Property Services Ltd,100.0,"G11,G20",2,,local
PF000347,Glasgow Harbour Management Ltd,Glasgow Harbour Management Ltd,100.0,"G11,PA115,PA14,PA15",4,Greenock,local
PF000329,Glasgow West Enterprises Limited,Glasgow West Enterprises Limited,100.0,"G11,G12,G2,G20,G3,G4",6,,regional
PF000173,Glen Oaks Housing Association Ltd,Glen Oaks Housing Association Ltd,100.0,"G46,G53",2,Glasgow,local
PF000431,Globe Housing (Scotland) Limited,Globe Housing (Scotland) Limited,100.0,PA1,1,,local
PF000905,Goldmont Thompson Ltd,Goldmont Thompson Ltd,100.0,KY11,1,,local
PF000163,Gordon McTavish,Gordon McTavish,100.0,"PA1,PA13,PA14,PA15,PA16,PA18,PA19",7,,regional
PF000200,Govan Housing Association Limited,Govan Housing Association Limited,100.0,G51,1,,local
PF000118,Govanhill Housing Association Limited,Govanhill Housing Association Limited,100.0,"G42,G43,G44",3,,local
PF000192,Grampian Housing Association Limited,Grampian Housing Association Limited,100.0,"AB10,AB11,AB12,AB15,AB16,AB21,AB23,AB24,AB25,AB32,AB39,AB41,AB51,IV30,IV31,IV36",16,"Aberdeen,Balmedie,Forres,Hopeman,Kingseat,Kingswells,Kintore,Oldmeldrum",national
PF000191,Greenbelt Group Limited,Greenbelt Group Limited,100.0,"AB10,AB12,AB13,AB14,AB15,AB23,AB24,AB30,AB32,AB39,AB41,AB42,AB43,AB51,AB52,AB53,AB54,BA51,DD10,DD2,DD5,DG1,DG11,EH14,EH19,EH20,EH22,EH26,EH28,EH29,EH32,EH33,EH34,EH39,EH42,EH45,EH46,EH48,EH51,EH52,EH53,EH54,EH9,FK1,FK10,FK15,FK17,FK2,FK4,FK5,FK8,FK9,G21,G32,G44,G54,G60,G62,G64,G66,G67,G68,G69,G71,G72,G73,G75,G77,G81,G82,G83,IV17,IV2,IV3,IV30,IV4,IV6,KA2,KA23,KA3,KA30,KW10,KW14,KY1,KY10,KY11,KY12,KY15,KY16,KY17,KY2,KY4,KY5,KY6,KY7,MK11,ML10,ML11,ML3,ML4,ML5,ML6,ML8,PA12,PA19,PA4,PA7,PA8,PA84,PH1,PH13,PH2,TD2,TD9",114,,national
PF000825,Guild Homes (Tayside) Ltd,Guild Homes (Tayside) Ltd,100.0,DD8,1,,local
PF000288,Hacking & Paterson Management Services Limited,Hacking & Paterson Management Services,100.0,"AB21,DD11,DD2,DD3,DD4,DD5,DD7,DD8,DG1,DG11,DG12,DG2,DG3,DG31,EG12,EH1,EH10,EH11,EH12,EH13,EH14,EH15,EH16,EH17,EH18,EH19,EH2,EH21,EH22,EH23,EH24,EH25,EH27,EH28,EH29,EH3,EH32,EH33,EH37,EH39,EH4,EH40,EH41,EH42,EH44,EH45,EH46,EH47,EH48,EH49,EH5,EH51,EH52,EH54,EH55,EH6,EH7,EH8,EH9,FK1,FK10,FK12,FK13,FK15,FK16,FK2,FK3,FK4,FK5,FK6,FK7,FK78,FK8,FK9,G1,G11,G12,G13,G14,G15,G2,G20,G21,G22,G23,G3,G31,G32,G33,G4,G40,G41,G42,G43,G44,G45,G46,G5,G51,G52,G53,G60,G61,G62,G63,G64,G65,G66,G67,G68,G69,G7,G71,G72,G73,G74,G75,G76,G77,G78,G81,G82,G83,G84,G93,GG1,KA1,KA10,KA11,KA12,KA13,KA16,KA20,KA21,KA22,KA23,KA28,KA29,KA3,KA30,KA5,KA7,KA8,KA9,KY1,KY11,KY12,KY13,KY15,KY16,KY2,KY3,KY4,KY5,KY6,KY7,KY8,M1,ML1,ML10,ML11,ML12,ML2,ML3,ML4,ML5,ML6,ML7,ML8,ML9,PA1,PA10,PA11,PA12,PA13,PA14,PA15,PA16,PA17,PA19,PA2,PA20,PA23,PA28,PA3,PA34,PA35,PA4,PA5,PA6,PA7,PA8,PA9,PH1,PH10,PH12,PH2,PH3,PH4,PH7,TD1,TD11,TD14,TD2",204,,national
PF000140,Hanover (Scotland) Housing Association Limited,Hanover (Scotland) Housing Association Limited,100.0,"AB10,AB24,AB25,AB39,DD5,EH10,EH12,EH14,EH31,EH4,EH45,EH5,FK15,G14,G42,G44,G46,G62,G64,G77,G78,IV2,IV30,KA10,KA7,KY11,KY15,KY8,ML11",29,,national
PF000283,Harbour Homes Scotland Limited,Harbour Homes Scotland Limited,100.0,"EH5,EH6,EH7",3,Edinburgh,local
PF000183,Hebridean Housing Partnership Limited,Hebridean Housing Partnership Limited,100.0,"HS1,HS2,HS3,HS4,HS5,HS6,HS7,HS8,HS9",9,"Allasdale,Breasclete,Castlebay,Cr"",Creagorry,Daliburgh,Eochar,Eochdar,Eoligarry,Garenin,Knock,Laxdale,North Harris,Sandwick,Scalpay,Shader,South Boisdale,South Dell,Stornoway,Tarbert,Tong,Torlum,West Gerinish,West Tarbert",regional
PF000448,Higher Ground Consultancy Limited,Higher Ground Consultancy Limited,100.0,IV12,1,"Nairn_x000D_
IV12 5BX",local
PF000337,Highland Club Management Company Limited,Highland Club Management Company Limited,100.0,PH32,1,,local
PF000712,Highland Residential (Inverness) Limited,Highland Residential (Inverness) Limited,100.0,"IV10,IV12,IV14,IV15,IV16,IV17,IV18,IV19,IV2,IV21,IV22,IV24,IV25,IV26,IV27,IV3,IV36,IV4,IV6,IV63,IV7,KW1,KW10,KW14,KW9,PH20,PH21,PH22,PH23,PH25,PH26,PH32,PH33",33,,national
PF000294,Hillcrest Homes (Scotland) Ltd,Hillcrest Homes (Scotland) Ltd,100.0,"AB11,AB15,DD1,DD10,DD11,DD2,DD3,DD4,DD5,DD7,DD8,DD9,EH1,EH11,EH14,EH16,EH21,EH3,EH30,EH5,EH6,EH7,KY13,KY16,PH1,PH10,PH11,PH15,PH2,PH3,PH4,PH6,PH7",33,,national
PF000360,Hjaltland Housing Association Limited,Hjaltland Housing Association Limited,100.0,"ZE1,ZE1OWL,ZE2",3,"Lerwick,Scalloway,Sullom",local
PF001025,HLM Management (Scotland) Limited,HLM Management (Scotland) Limited,100.0,PH15,1,Aberfeldy,local
PF000277,Home Group Scotland,Home in Scotland Ltd,100,"DD1,DD2,DD3,DD4,DG12,DG2,DG4,DG5,EH16,EH17,EH29,G21,G33,G64,KY11",15,"Annan_x000D_,Dalbeattie_x000D_,Dumfries_x000D_,Dundee,Dundee_x000D_,Edinburgh_x000D_,Glasgow,Glasgow_x000D_,Kelloholm_x000D_,Rosyth_x000D_,Sanquhar_x000D_",national
PF000219,Homes for Life Housing Partnership,Homes for Life Housing Partnership,100.0,EH31,1,Gullane,local
PF000484,Homesbook Factoring Limited,Homesbook Factoring Limited,100.0,"G11,G12,G20,G21,G32,G40,G42,G44,G5,G51,G52,G64,G66,G67,G73,ML1,ML6,PA1,PA2",19,,national
PF000385,Horizon Housing Association Limited,Horizon Housing Association Limited,100.0,"EH12,FK6,G20,G32,G65,G72,G75,KY12,ML6",9,"Airdrie,Blantyre,Carntyne,Dunfermline,Edinburgh,Falkirk,Glasgow,Kilsyth",regional
PF000820,Ian Rice,Ian Rice,100.0,"FK8,FK9",2,,local
PF000843,Indigo Square Property Ltd,Indigo Square Property Ltd,100.0,"G1,G11,G12,G13,G14,G20,G3,G31,G32,G41,G42,G44,G51,G71,G73,G76,G77,G78,KA1,KA23,KA29,KA3,KA30,PA1,PA2,PA3,PA4",27,Glasgow,national
PF000362,Individually Designed Homes Ltd,Individually Designed Homes Ltd,100.0,EH21,1,Musselburgh,local
PF000575,Inspired Design & Development Ltd,Inspired Design & Development Ltd,100.0,AB39,1,,local
PF000321,Integro Property Management Ltd,Integro Property Management Ltd,100.0,"G11,G12,G13,G2,G3,G32,G41,G42,G43,G44,G77,G82,ML7,ML8,PA1,PA2,PA20,PH22",18,,national
PF000112,Irvine Housing Association Limited,Irvine Housing Association Limited,100.0,"DG2,KA11,KA12,KA13,KA136N,KA278JQ,KA278LW,KA6",8,"DRONGAN,DUMFRIES,IRVINE,KILWINNING",regional
PF000985,J S CAMPBELL MRICS,J S CAMPBELL MRICS,100.0,"G63,G66",2,,local
PF000779,J&E Shepherd,J&E Shepherd,100.0,PH15,1,,local
PF000187,J. B. & G Forsyth Property Management Services,J. B. & G Forsyth Property Management Services,100.0,"G1,G11,G12,G13,G14,G2,G20,G3,G31,G32,G4,G40,G41,G42,G43,G44,G46,G5,G51,G52,G60,G61,G62,G63,G64,G71,G72,G73,G77,G81,G83,G84,KA10,KA29,KA30,ML5,PA23,PA4,PA7",39,,national
PF000103,James Gibb Property Management Ltd,James Gibb Property Management Ltd,100.0,"AB10,AB11,AB12,AB13,AB14,AB15,AB21,AB22,AB23,AB24,AB25,AB31,AB32,AB33,AB39,AB41,AB42,AB43,AB51,AB52,DD1,DD11,DD2,DD3,DD4,DD5,DD7,DD8,EH1,EH10,EH11,EH12,EH13,EH14,EH15,EH16,EH17,EH19,EH2,EH21,EH22,EH23,EH28,EH29,EH3,EH31,EH32,EH34,EH36,EH39,EH4,EH41,EH42,EH45,EH47,EH48,EH49,EH5,EH51,EH53,EH54,EH55,EH6,EH7,EH8,EH9,FK1,FK10,FK12,FK13,FK14,FK15,FK2,FK3,FK4,FK5,FK6,FK7,FK8,FK9,G1,G11,G12,G13,G14,G15,G2,G20,G21,G22,G3,G31,G32,G33,G4,G40,G41,G42,G43,G44,G45,G46,G5,G51,G52,G60,G61,G62,G63,G64,G66,G67,G69,G71,G72,G73,G74,G75,G76,G77,G78,G81,G84,IV1,IV10,IV12,IV15,IV2,IV23,IV25,IV3,IV30,IV31,IV36,IV5,IV6,IV7,KA1,KA11,KA12,KA13,KA17,KA19,KA20,KA23,KA24,KA3,KA6,KA8,KA9,KY1,KY10,KY11,KY12,KY13,KY15,KY16,KY5,KY6,KY7,KY8,ML1,ML10,ML11,ML2,ML3,ML4,ML5,ML6,ML7,ML9,PA1,PA11,PA12,PA13,PA14,PA15,PA16,PA17,PA2,PA3,PA34,PA4,PA5,PA7,PH1,PH11,PH12,PH16,PH2,PH22,PH23,PH26,PH3,PH33,PH7,TD1,TD11,TD6",199,"Aberdeen,Aberdeenshire,Addiewell"",Alford"",Arbroath,Auchleven,Ayrshire,Balgownie"",Banchory,Bathgate,Berwickshire,Bieldside,Blackburn,Blackburn"",Blackhill,Bo'ness,Bonnybridge,Bonnyrigg,Braehead"",Broughty Ferry,By Elgin,Cambus,Carfin,Carnoustie,Carrbridge,Cleland,Clydebank,Crathes"",Crieff,Cults"",Cumbernauld,Dalkeith,Denny,Denny"",Dennyloanhead,Dingwall,Dollar,Dornoch,Drumoak,Dunfermline,EAST KILBRIDE,East Kilbride,East Kilbride"",East Lothian,Edinburgh,Ellon,Ellon"",Falkirk,Fife,Forres,Fortrose,Galashiels,Glasgow,Glasgow"",Glenboig,Glenrothes,Grangemouth,Hamilton,Harthill,INVERURIE,Inverness,Inverurie"",Irvine,Johnstone,Johnstone Renfrewshire,Kemnay,Kilmarnock,Kilwinning,Kintore"",Kirkliston,Lanark,Lanarkshire,Larbert,Lochwinnoch,Longforgan,Lossiemouth,Maddiston,Midlothian,Milton Of Campsie,Motherwell,Muir of Ord"",Musselburgh,Musselburgh"",Nairn,Newbridge,Paisley,Paisley"",Peebles,Perth,Perth"",Perthshire,Peterhead"",Pitlochry,Portlethen,Portlethen"",Renfrew,Rothienorman"",St Boswells,Stevenson,Stewarton,Thornliebank"",Thornton,Tullibody,Wallyford,West Lothian,Whitburn",national
PF000537,Jamie McBride,Jamie McBride,100.0,EH10,1,,local
PF000799,JFK Facility Services Ltd,JFK Facility Services Ltd,100.0,"AB10,AB11,AB23,AB25",4,,local
PF000483,John Lessels,John Lessels,100.0,EH19,1,Bonnyrigg,local
PF000887,Joseph Curley,Joseph Curley,100.0,"G74,G75",2,,local
PF000914,KAI Property Services Ltd,KAI Property Services Ltd,100.0,PA3,1,,local
PF000839,Keith Innes,Keith Innes,100.0,"EH1,EH11,EH15,EH6,EH8,EH9",6,,regional
PF000193,Kingdom Housing Association Ltd,Kingdom Housing Association Ltd,100.0,"DD6,FK10,KY1,KY10,KY11,KY12,KY13,KY14,KY15,KY16,KY2,KY4,KY5,KY7,KY8,KY9,PH1",17,"Auchtermuchty,Blairhall,Buckhaven,Cairneyhill,Cowdenbeath,Cupar,Dunfermline,Dysart,Elie,Glenrothes,Guardbridge,Inverkeithing,Kennoway,Kincardine,Kingsbarnes,Kirkcaldy,Largoward,Leven,Lochgelly,Newport,Perth,Pittenweem,St Andrews,Wormit,kirkcaldy",national
PF000890,Kingdom Initiatives Limited,Kingdom Initiatives Limited,100.0,KY11,1,Inverkeithing,local
PF000120,Klin Facilities Management Limited,Klin Facilities Management Limited,100.0,KA1,1,,local
PF000201,Knowes Housing Association Ltd,Knowes Housing Association Ltd,100.0,G81,1,Clydebank,local
PF000656,Ladysbridge Village Ltd,Ladysbridge Village Ltd,100.0,AB45,1,,local
PF000275,Lanarkshire Housing Association Ltd,Lanarkshire Housing Association Ltd,100.0,"G71,ML1,ML4",3,,local
PF000716,Lancefield Quay Riverside Limited,Lancefield Quay Riverside Limited,100.0,G3,1,,local
PF000666,Langstane Housing Association Limited,Langstane Housing Association Limited,100.0,"AB10,AB11,AB16,AB25,AB42",5,,regional
PF000815,LAR Housing Trust,LAR Housing Trust,100.0,EH11,1,,local
PF000814,LAR Operations C.I.C.,LAR Operations C.I.C.,100.0,EH11,1,,local
PF000279,Larkfield Housing Association Limited,Larkfield Housing Association Limited,100.0,PA16,1,Greenock,local
PF000355,Link Housing Association Limited,Link Housing Association Limited,100.0,"EH10,EH11,EH12,EH14,EH16,EH22,EH25,EH26,EH3,EH30,EH4,EH47,EH48,EH49,EH5,EH51,EH52,EH53,EH54,EH55,EH6,EH7,EH8,FK1,FK12,FK2,FK3,FK6,FK8,FK9,G1,G2,G22,G3,G31,G33,G40,G5,G52,G53,G66,G67,G68,G69,G72,G73,G77,G78,G81,G83,KA5,KY1,KY12,KY2,ML1,ML3,ML5,ML6,PA1,PA12,PA14,PA2,PA3,PA4,PA5,PA8,PH33,TD12",68,"Airdrie,Bathgate_x000D_,Bo'ness _x000D_,Bo'ness_x000D_,Broxburn_x000D_,Linlithgow_x000D_,Polbeth,Polbeth_x000D_,Port Glasgow, Renfewshire,Port Glasgow, Renfrewshire,Uphall_x000D_
_x000D_,West Calder_x000D_,Whitburn_x000D_",national
PF000202,Linstone Housing Association Limited,Linstone Housing Association Limited,100.0,"PA1,PA10,PA11,PA2,PA3,PA4,PA5",7,,regional
PF000162,Linthouse Housing Association Limited,Linthouse Housing Association Limited,100.0,"G51,G514AB,G514RT,G61",4,Glasgow,local
PF000122,Lloyd Younger Ltd,Lloyd Younger Ltd,100.0,"G68,G82,KA1,KA11,KA20,KA21,KA26,KA3,KA4,KA7,ML1,ML11,ML3,ML6,PA15,PA3",16,"AIRDRIE,AYR,CUMBERNAULD,DUMBARTON,GALSTON,GREENOCK,HAMILTON,IRVINE,KILMARNOCK,LESMAHAGOW,MOTHERWELL,NORTH LANARKSHIRE,PAISLEY,SALTCOATS,STEVENSTON,STEWARTON",national
PF000615,Loch Tay Highland Lodge Park Ltd,Loch Tay Highland Lodge Park Ltd,100.0,FK21,1,"Milton Morenish Estate_x000D_
Killin",local
PF000340,Lochaber Housing Association Ltd,Lochaber Housing Association Ltd,100.0,"PH33,PH39,PH49",3,"Arisaig,Ballachulish,Fort William",local
PF000363,Lochaber Housing Association Property Services CIC,Lochaber Housing Association Property Services CIC,100.0,PH33,1,,local
PF000221,Lochfield Park Housing Association Limited,Lochfield Park Housing Association Limited,100.0,"G34,G340HN,G340HR",3,,local
PF000359,Lomond Property Factors Ltd,Lomond Property Factors Ltd,100.0,"G20,G40,G52,G63,G82,G83,G84",7,,regional
PF000938,Loreburn Housing Association Limited,Loreburn Housing Association Limited,100.0,"DG1,DG10,DG11,DG12,DG2,DG5,DG7,DG9",8,DUMFRIES,regional
PF000402,Loretto Housing Association Ltd,Loretto Housing Association Ltd,100.0,"FK1,G52,G66,G8,G81,G82,G83,ML11,ML3",9,,regional
PF000842,Lorimer Property Group Ltd,Lorimer Property Group Ltd,100.0,"AB25,DD1,EH39,EH5,FK8,G12,G14,G20,G33,G41,G42,G43,G44,G62,G67,G68,G69,G71,G72,G74,G75,G76,G77,G78,G82,IV30,KA1,KA10,KA11,KA12,KA16,KA17,KA19,KA2,KA20,KA21,KA22,KA23,KA3,KA4,KA5,KA6,KA7,KA8,LE10,ML1,ML10,ML11,ML2,ML3,ML4,ML5,ML6,ML7,ML9,PA15,PA2,PA3,PA4,PH12",60,,national
PF000785,Lowther Homes Limited,Lowther Homes Limited,100.0,"EH11,EH13,EH39,EH47,EH48,G11,G12,G13,G14,G15,G21,G3,G31,G32,G4,G40,G41,G42,G43,G44,G5,G51,G52,G71,G72,ML3,PA2",27,,national
PF000098,Macfie & Co Management Services Ltd,Macfie & Co Management Services Ltd,100.0,"FK4,G11,G12,G13,G14,G20,G3,G31,G33,G4,G40,G41,G42,G43,G44,G46,G51,G52,G61,G62,G71,G73,G74,G76,G77,G78,ML6,PA1,PA2,PA4,PA6,PA8",32,,national
PF000693,Managing Estates Limited,Managing Estates Limited,100.0,"DD1,DD2,DD3,DD4,DD5,EH7,G2,G5",8,,regional
PF000997,Manor Estates Associates Ltd,Manor Estates Associates Ltd,100.0,EH6,1,,local
PF000157,Manor Estates Housing Association Ltd,Manor Estates Housing Association Ltd,100.0,"EH11,EH12,EH13,EH14,EH15,EH16,EH21,EH30,EH4,EH6,POSDCODE",11,"Edinburgh,South Queensferry",regional
PF000199,Maroco Limited,Maroco Limited,100.0,"DD11,DD8",2,,local
PF000931,Martin Jack Limited,Martin Jack Limited,100.0,IV12,1,,local
PF000396,Maryhill Housing Association Ltd,Maryhill Housing Association Ltd,100.0,"G20,G23",2,,local
PF001017,MBM Property Management (Scotland) Limited,MBM Property Management (Scotland) Limited,100.0,"G13,G34,G41,G42,PA1",5,,regional
PF000391,McCarthy & Stone Management Services Limited,McCarthy & Stone Management Services Limited,100.0,"AB15,EH10,EH14,EH15,EH16,EH39,EH4,EH41,G41,G44,G46,G61,G62,G64,G77,IV2,KA7,KY10,KY13,KY16,ML3,PA2,PH10,PH2",24,,national
PF000469,McKenzie Accountants Ltd,McKenzie Accountants Ltd,100.0,EH12,1,,local
PF001004,McNeill Maguire & McCreath Surveyors Limited,McNeill Maguire & McCreath Surveyors Limited,100.0,"EH6,EH7",2,,local
PF000786,Melfort Pier Homeowners Association,Melfort Pier Homeowners Association,100.0,PA34,1,OBAN,local
PF000388,Melville Housing Association Limited,Melville Housing Association Limited,100.0,"EH19,EH20,EH22,EH23,EH26",5,,regional
PF001066,Metropole Glasgow Limited,Metropole Glasgow Limited,100.0,G1,1,,local
PF000959,Mezzino Limited,Mezzino Limited,100.0,AB24,1,,local
PF000339,MHA Auchlochan,MHA Auchlochan,100.0,ML11,1,Lesmahagow,local
PF000955,Miller Property Management Ltd,Miller Property Management Ltd,100.0,"G3,G32,G42,G71,G72,G74,KA15,KA22,KA7,ML1,ML10,ML11,ML2,ML3,ML4,ML5,ML6,ML8,ML9,PA2",20,,national
PF000368,Milnbank Property Services Ltd,Milnbank Property Services Ltd,100.0,"G31,G33,G4",3,,local
PF000125,Molendinar Park Housing Association,Molendinar Park Housing Association,100.0,"G30,G31,G40",3,,local
PF000249,Morison Walker Property Management Ltd,Morison Walker Property Management Ltd,100.0,"G3,G53,KA11,KA29,KA30,ML10,PA12,PA13,PA14,PA15,PA16,PA17,PA18,PA19,PA2,PA20,PA23",17,,national
PF000290,MXM Property Solutions Ltd,MXM Property Solutions Limited,100.0,"G20,G41",2,,local
PF000177,Myreside Management Limited,Myreside Management Limited,100.0,"EG5,EH1,EH10,EH11,EH12,EH13,EH14,EH15,EH16,EH2,EH26,EH3,EH4,EH5,EH6,EH7,EH8,EH87,EH9",19,,national
PF000569,Naver Ltd,Naver Ltd,100.0,KW14,1,,local
PF000338,New Gorbals Housing Association Limited,New Gorbals Housing Association Limited,100.0,"G41,G5",2,,local
PF000108,Newton Property Management Ltd,Newton Property Management Ltd,100.0,"AB10,AB11,AB12,AB13,AB14,AB15,AB21,AB22,AB23,AB24,AB25,AB31,AB32,AB34,AB35,AB39,AB41,AB42,AB43,AB51,AB56,DD1,DD10,DD2,DD3,DD5,DD7,DD8,DD9,DG10,DG16,EH11,EH12,EH14,EH19,EH21,EH22,EH26,EH48,EH49,EH52,EH54,EH6,EH7,FK10,FK15,FK17,FK2,FK3,FK4,FK5,FK6,FK7,FK8,FK9,G1,G11,G12,G13,G14,G2,G20,G21,G3,G31,G32,G33,G4,G40,G41,G42,G43,G44,G46,G5,G51,G52,G53,G60,G61,G62,G63,G65,G67,G68,G69,G71,G72,G73,G74,G75,G76,G77,G78,G8,G81,G82,G83,G84,IV1,IV10,IV12,IV14,IV15,IV16,IV18,IV19,IV2,IV25,IV26,IV3,IV30,IV31,IV32,IV36,IV4,IV5,IV63,IV7,IV8,IV9,KA1,KA10,KA11,KA12,KA13,KA15,KA18,KA2,KA21,KA23,KA26,KA29,KA3,KA30,KA6,KA7,KA8,KA9,KW9,KY11,KY12,KY16,KY3,KY4,KY5,KY8,M11,ML1,ML10,ML11,ML2,ML3,ML4,ML5,ML6,ML7,ML76,ML8,ML9,PA1,PA11,PA12,PA13,PA14,PA15,PA16,PA17,PA18,PA19,PA2,PA20,PA23,PA3,PA4,PH2,PH22,PH26,PH3,PH33,PH7,TD6,TD9",183,,national
PF000349,NG Property (Scotland) Limited,NG Property (Scotland) Limited,100.0,"G20,G21,G22",3,"Glasgow, G21,Glasgow, G22",local
PF000263,North Ayrshire Council,North Ayrshire Council,100.0,"KA11,KA12,KA13,KA14,KA15,KA20,KA21,KA22,KA23,KA24,KA25,KA30,PA17",13,,regional
PF000348,North Glasgow Housing Association Limited,North Glasgow Housing Association Limited,100.0,"G21,G22",2,,local
PF000303,North Lanarkshire Council,North Lanarkshire Council,100.0,"G33,G56,G65,G66,G67,G68,G69,G71,ML1,ML2,ML4,ML5,ML6,ML7",14,,regional
PF000246,North View Housing Association Limited,North View Housing Association Limited,100.0,G45,1,Glasgow,local
PF000847,Northwood Edinburgh Ltd,Northwood Edinburgh Ltd,100.0,EH9,1,,local
PF000759,NRV Management Glasgow Limited,NRV Management Glasgow Limited,100.0,G52,1,,local
PF000264,Oak Tree Housing Association Limited,Oak Tree Housing Association Limited,100.0,"PA15,PA16,PA18,PA19",4,"Gourock,Greenock,Wemyss Bay",local
PF000367,Ochil View Housing Association Ltd,Ochil View Housing Association Ltd,100.0,"FK10,FK11,FK13,FK14,KY12",5,"Alloa,Dollar,High Valleyfield,Menstrie,Oakley,Tillicoutry,Tullibody",regional
PF001036,On Tranquil Shores Ltd,On Tranquil Shores Ltd,100.0,PA34,1,,local
PF000639,Ore Valley Housing Association Ltd,Ore Valley Housing Association Ltd,100.0,KY5,1,Cardenden,local
PF000281,Orkney Housing Association Ltd,Orkney Housing Association Ltd,100.0,"KW15,KW16,KW17",3,"Burray,Deerness,Dounby,Finstown,Holm,Kirkwall,Orphir,St Margaret's Hope,Stenness,Stromness",local
PF000738,Orkney Islands Property Developments Limited,Orkney Islands Property Developments Limited,100.0,KW15,1,Kirkwall,local
PF000305,Paisley South Property Services Limited,Paisley South Property Services Limited,100.0,"PA1,PA2",2,,local
PF000996,Palms Property Management Ltd,Palms Property Management Ltd,100.0,DD3,1,"Auchterhouse, Dundee",local
PF000282,Paragon Housing Association Ltd,Paragon Housing Association Ltd,100.0,"FK1,FK10,FK102EA,FK103DT,FK11,FK13,FK2,FK3,FK5,FK6,FK7,FK8,FK9,POSTCODE",14,"Aberfoyle,Alloa,Camelon,Denny,Falkirk,Fallin,Fishcross,Grangemouth,Menstrie,Plean,Sauchie,Stenhousemuir,Stirling,Tillicoultry",regional
PF000423,Park Property Management Limited,Park Property Management Limited,100.0,"EH4,EH48,EH49,EH8,FK1,FK2,FK8,G1,G11,G12,G2,G20,G3,G31,G33,G46,G51,G61,G62,G64,G72,G73,G82,G83,KA3,KY1,KY10,KY16,ML10,ML3,ML4,PA1",32,,national
PF000252,Parkhead Housing Association Limited,Parkhead Housing Association Limited,100.0,"G31,G40",2,,local
PF000165,Partick Works Limited,Partick Works Limited,100.0,"G11,G12,G20,G3",4,,local
PF001039,Pavillion Properties Limited,Pavillion Properties Limited,100.0,"DD1,DD3,DD4",3,,local
PF000715,Pentland Community Enterprises Limited,Pentland Community Enterprises Limited,100.0,"KW1,KW14",2,,local
PF000395,Perth & Kinross Council,Perth & Kinross Council,100.0,"PH1,PH2",2,,local
PF000729,Peter Cusack Property Consultancy Limited,Peter Cusack Property Consultancy Limited,100.0,"G3,G5",2,,local
PF001011,Philip Bald Accountancy Limited,Philip Bald Accountancy Limited,100.0,EH11,1,,local
PF000151,Pineview Housing Association Ltd,Pineview Housing Association Ltd,100.0,G15,1,Drumchapel,local
PF001010,Piper Lettings Ltd,Piper Lettings Ltd,100.0,EH11,1,,local
PF000756,PLS Rural Limited,PLS Rural Limited,100.0,PH1,1,,local
PF000100,PMC Property Management & Lettings Ltd,PMC Property Management & Lettings Ltd,100.0,"AB10,AB11,AB12,AB15,AB21,AB22,AB23,AB24,AB25,AB31,AB32,AB33,AB34,AB39,AB41,AB42,AB43,AB51,AB52,AB56,AN15,DD10,DD4,FK8,G68,IV2,IV30,IV31,IV36,KA3,KY16,PH1,PH14,PH2,SK8",35,,national
PF001014,Prem Apart Edinburgh Limited,Prem Apart Edinburgh Limited,100.0,EH3,1,,local
PF000508,Premier Properties Perth Limited,Premier Properties Perth Limited,100.0,PH1,1,,local
PF000204,Prospect Community Housing Ltd,Prospect Community Housing Ltd,100.0,EH14,1,,local
PF000389,Provanhall Housing Association,Provanhall Housing Association,100.0,G34,1,Glasgow,local
PF000381,Quarriers,Quarriers,100.0,PA11,1,Bridge of Weir,local
PF000258,Queens Cross Factoring Limited,Queens Cross Factoring Limited,100.0,"G11,G12,G2,G20,G22,G3,G32,G4",8,,regional
PF000110,Redpath Bruce Property Management Limited,Redpath Bruce Property Management Limited,100.0,"DD1,DD11,EH1,EH10,EH11,EH12,EH13,EH14,EH16,EH2,EH21,EH29,EH3,EH30,EH39,EH4,EH5,EH6,EH7,EH8,FK2,FK6,FK7,FK9,G1,G11,G12,G13,G14,G2,G20,G21,G22,G3,G31,G32,G33,G4,G41,G42,G43,G44,G46,G5,G51,G52,G6,G61,G62,G63,G66,G69,G71,G72,G73,G74,G76,G77,G78,G81,G84,KA1,KA10,KA12,KA22,KA3,KA6,KA7,KA8,KA9,KY10,KY11,KY16,KY7,LS2,ML1,ML2,ML3,ML6,PA1,PA10,PA14,PA16,PA4,PA6,PA8,PH1,PH2",88,,national
PF000564,Regent Factor Ltd,Regent Factor Ltd,100.0,"G12,G2,G3,G31,G42",5,,regional
PF000099,Reidvale Housing Association,Reidvale Housing Association,100.0,"G31,G311DU",2,,local
PF000831,Rendall and Rittner Limited,Rendall and Rittner Limited,100.0,"EH3,G3",2,,local
PF000284,Renfrewshire Council,Renfrewshire Council,100.0,"PA1,PA2,PA3,PA4,PA5",5,,regional
PF000111,Rentolease Property Management Ltd,Rentolease Property Management Ltd,100.0,"KA1,KA10,KA18,KA2,KA21,KA22,KA3,KA6,KA7,KA9",10,"Alloway,Ardrossan,Ayr,Dalrymple,Hollybush,Kilmarnock,Moscow,Prestwick,Saltcoats,Sinclairston,Troon",regional
PF000763,Residential Management Group Scotland Limited,Residential Management Group Scotland Limited,100.0,"AB39,EH11,EH12,EH14,EH15,EH16,EH17,EH20,EH21,EH22,EH26,EH28,EH3,EH30,EH33,EH34,EH39,EH4,EH41,EH42,EH48,EH5,EH53,EH54,EH6,EH7,EH8,FK10,FK2,FK7,FK9,G2,G4,G43,G65,G66,G69,KA1,KY1,KY12,ML1,ML3,PA3,PA7",44,,national
PF000871,Ritchie Leasing Limited,Ritchie Leasing Limited,100.0,AB39,1,,local
PF000152,River Clyde Homes,River Clyde Homes,100.0,"PA13,PA14,PA15,PA16,PA19",5,"GOUROCK,GREENOCK,Greenock,INVERKIP,KILMACOLM,PORT GLASGOW",regional
PF000463,Robert Smith,Robert Smith,100.0,G2,1,,local
PF000524,Robertson Property Management Limited,Robertson Property Management Limited,100.0,"DD3,DD4,DD5,KY16",4,,local
PF000601,Rockford Properties Ltd,Rockford Properties Ltd,100.0,DD1,1,,local
PF000272,Rosehill Housing Co-operative Limited,Rosehill Housing Co-operative Limited,100.0,G53,1,,local
PF000196,Ross & Liddell Ltd,Ross & Liddell Ltd,100.0,"AB12,AB22,AB30,AB42,DD1,DD10,DD2,DD3,DD4,DD5,DD7,DD8,DG10,EG32,EG51,EG54,EG6,EH1,EH10,EH11,EH12,EH14,EH15,EH16,EH17,EH19,EH2,EH20,EH21,EH22,EH23,EH24,EH25,EH26,EH3,EH30,EH31,EH32,EH33,EH35,EH37,EH39,EH4,EH41,EH42,EH43,EH44,EH45,EH46,EH47,EH48,EH49,EH5,EH51,EH52,EH54,EH55,EH6,EH7,EH8,EH9,EN26,FK1,FK10,FK11,FK13,FK14,FK15,FK16,FK2,FK5,FK6,FK7,FK8,FK9,G1,G11,G12,G13,G14,G2,G20,G21,G22,G23,G3,G31,G32,G33,G4,G40,G41,G42,G43,G44,G46,G51,G52,G53,G60,G61,G62,G63,G64,G65,G66,G67,G68,G69,G71,G72,G73,G74,G75,G76,G77,G78,G80,G81,G82,G83,G84,G88,IV2,IV3,IV30,KA1,KA10,KA11,KA12,KA15,KA20,KA21,KA23,KA3,KA30,KA5,KA6,KA7,KA74,KA8,KA9,KY1,KY10,KY11,KY12,KY13,KY14,KY15,KY16,KY2,KY3,KY8,ML1,ML10,ML11,ML12,ML2,ML3,ML5,ML6,ML7,ML8,ML9,PA1,PA10,PA11,PA12,PA13,PA14,PA15,PA16,PA18,PA19,PA2,PA3,PA4,PA5,PA6,PA8,PA9,PH1,PH10,PH12,PH15,PH2,PH22,PH26,TD2",189,,national
PF000970,Ross Clarihew,Ross Clarihew,100.0,"AB10,AB11,AB24",3,,local
PF000559,Ruchazie Housing Association Limited,Ruchazie Housing Association Limited,100.0,G33,1,,local
PF000330,Rural Stirling Housing Association,Rural Stirling Housing Association,100.0,"FK17,FK19,FK8",3,,local
PF000345,Rutherglen and Cambuslang Housing Association Ltd,Rutherglen and Cambuslang Housing Association Ltd,100.0,"G72,G73",2,"Cambuslang,Rutherglen",local
PF000124,Sanctuary Scotland Housing Association Ltd,Sanctuary Scotland Housing Association Ltd,100.0,"AB10,AB11,AB12,AB14,AB16,AB21,AB22,AB23,AB24,AB32,AB42,AB51,DD10,DD2,G12,G13,G14,G20,G21,G3,G32,G41,G42,G43,G44,G46,G5,G51,G52,G53,G61,G66,G67,G68,G73,G76,PA2,PA3,PA4,POSTCODE",40,"Cumbernauld,Glasgow,Paisley,Toryglen, Glasgow,Yoker",national
PF000864,Scott Woods,Scott Woods,100.0,PA29,1,,local
PF000213,Scottish Borders Housing Association,Scottish Borders Housing Association,100.0,"POST,TD1,TD4,TD5,TD6,TD7,TD8,TD9",8,,regional
PF000121,Scottish Woodlands Ltd,Scottish Woodlands Ltd,100.0,"DD9,EH19,EH21,EH22,EH23,EH28,EH29,EH31,EH33,EH35,EH39,EH45,EH48,EH52,EH53,EH55,FK2,FK5,G59,G64,G65,G68,G69,G72,G75,G82,KA1,KA3,KY11,KY7,PA2,PA5,PH1",33,"Altonhill, Kilmarnock,Bathgate,Bishopbriggs,Bonnyrigg,Brechin,Cambuslang,Collingwood, Cumbernauld,Cumbernauld,Dalkeith,Dumbarton,Dunfermline,East Calder,East Kilbride,Elderslie,Falkirk,Glenrothes,Gorebridge,Gullane,Kilmalrnock,Kilmarnock,Kilsyth,Kirkliston,Larbert,Moodiesburn,Musselburgh,Mussleburgh,North Berwick,North Lanarkshire,ORMISTON,Ormiston,Peebles,Perth,Shawfair,Strathleven,Tranent_x000D_,Winchburgh",national
PF000144,Screenautumn Limited,Screenautumn Limited,100.0,"AB35,AB44,AB45,AB55,AB56,DD10,DD2,EH16,EH46,EH7,EH8,FK4,G66,G68,G71,IV12,IV17,IV2,IV25,IV3,IV30,IV31,IV32,IV36,IV63,KY12,KY13,ML1,ML4,ML7,PH1",31,"Alness,Ardersier,Banff,Belshill,Bonnybridge,Braemar,Buckie,Burghhead,Cumbernauld,Dornoch,Drumossie,Dundee,Edinburgh,Elgin,Elgin"",Falkirk,Fochabers,Forres,Gartcosh,Harthill,Inverness,Keith,Langstane)"",Longcroft,Lossiemouth,MacDuff"",Milton of Campsie,Montrose,Mosstodloch,Motherwell,Nairn,Perth,Uddingston,West Linton",national
PF000899,Select Premier Letting Ltd,Select Premier Letting Ltd,100.0,"ML1,ML6",2,,local
PF000909,Sentry Management Ltd,Sentry Management Ltd,100.0,"G42,G82",2,,local
PF000211,FIRSTPORT PROPERTY SERVICES NO.17 LIMITED,SG Property Management Ltd,100,"DD11,DD3,DD6,DD7,DG2,EH12,EH16,EH19,EH21,EH22,EH23,EH29,EH30,EH41,EH48,EH52,EH53,EH6,FK2,FK5,FK7,FK8,G11,G13,G14,G23,G31,G32,G33,G4,G41,G43,G53,G61,G64,G65,G66,G67,G68,G69,G71,G72,G73,G75,G77,G78,G81,G82,G84,KA11,KA13,KA20,KA21,KA29,KA3,KA7,KA9,KY11,KY12,KY16,KY3,KY4,KY7,ML1,ML10,ML11,ML3,ML4,ML6,ML8,ML9,PA1,PA11,PA15,PA2,PA23,PA3,PA5,PH3",79,,national
PF000175,Shafaatulla Property Management Limited,Shafaatulla Property Management Limited,100.0,"G3,G41,G42,G51",4,,local
PF000226,Shettleston Housing Association Limited,Shettleston Housing Association Limited,100.0,"G31,G32",2,Glasgow,local
PF000373,Shire Housing Association Limited,Shire Housing Association Limited,100.0,"KA18,KA3,KA5,KA6",4,"Cumnock,Dalmellington,Logan,Mauchline,New Cumnock,Patna",local
PF000306,Simple Approach Letting Agents Ltd,Simple Approach Letting Agents Ltd,100.0,"PH1,PH2",2,,local
PF000531,Simply Factors Limited,Simply Factors Limited,100.0,"DD4,EH10,EH15,EH31,EH7,FK2,FK8",7,"Aberdeen,Dunbar,Dundee,Edinbugh,Edinburgh,Falkirk,Gullane,Stirling",regional
PF000184,South Lanarkshire Council,South Lanarkshire Council,100.0,"G71,G72,G73,G74,G75,ML3,ML9",7,,regional
PF000323,Southside Lettings,Southside Lettings,100.0,"G41,G42,G43,G44,G51,G52",6,,regional
PF000568,SouthSide Property Factors Ltd,SouthSide Property Factors Ltd,100.0,EH9,1,,local
PF000160,Speirs Gumley Property Management Limited,Speirs Gumley Property Management Limited,100.0,"DD1,DD2,EH11,EH12,EH14,EH16,EH19,EH22,EH29,EH3,EH30,EH34,EH4,EH40,EH41,EH42,EH44,EH48,EH52,EH53,EH54,EH6,EH7,EH9,FK10,FK2,FK5,FK6,FK8,G1,G11,G12,G13,G15,G2,G20,G21,G22,G23,G3,G31,G32,G33,G4,G40,G41,G42,G43,G44,G45,G46,G5,G51,G52,G53,G60,G61,G62,G63,G64,G65,G66,G67,G68,G69,G71,G72,G73,G74,G75,G76,G77,G78,G81,G82,G83,G84,GG1,GG3,KA1,KA10,KA11,KA18,KA19,KA22,KA23,KA26,KA3,KA30,KA5,KA6,KA7,KA8,KA9,KY11,LA10,M,M11,ML1,ML10,ML11,ML2,ML3,ML4,ML5,ML6,ML8,ML9,PA1,PA10,PA11,PA15,PA16,PA18,PA2,PA3,PA4,PA5,PA6",119,,national
PF000273,Spire View Housing Association Limited,Spire View Housing Association Limited,100.0,G21,1,,local
PF000493,Taylor Martin Property Management Ltd,Taylor Martin Property Management Ltd,100.0,"DD1,DD2,DD3,DD4,DD5,EH1,EH10,EH11,EH12,EH14,EH15,EH16,EH21,EH24,EH26,EH3,EH30,EH4,EH49,EH52,EH55,EH6,EH7,EH8,EH9,FK1,FK3,FK6,FK7,FK8,G1,G11,G12,G13,G14,G2,G20,G23,G3,G31,G33,G4,G41,G42,G43,G44,G46,G5,G51,G52,G61,G62,G63,G64,G66,G72,G73,G74,G75,G76,G77,G78,G83,G84,KA15,KA18,KA7,KA9,KY0,KY1,KY10,KY11,KY12,KY13,KY14,KY15,KY16,KY2,KY3,KY6,KY7,KY9,ML3,ML6,ML8,PA19,PA2,PA3,PH1,PH2",90,,national
PF001031,THA Park Ecovillage Findhorn Limited,THA Park Ecovillage Findhorn Limited,100.0,IV36,1,,local
PF000350,The City of Edinburgh Council,The City of Edinburgh Council,100.0,"EH11,EH14,EH15,EH16,EH17,EH3,EH4,EH6,EH7,EH8",10,,regional
PF000590,The Element Factors Ltd,The Element Factors Ltd,100.0,"EH4,EH51BF,EH51FD,EH6,EH66PA,EH66PB,EH66PF,EH66PG,EH66PN,EH66PT,EH66PZ",11,,regional
PF000793,The Estates Office Limited,The Estates Office Limited,100.0,"PA21,PA29,PA31,PA34,PA35,PA37,PA41,PA70,PA74",9,"Benderloch, Oban,Gallochoille Lochgilphead Argyll PA31 8PG,Isle of Lismore,Kilfinan Tighnabruich PA21 2ER,Oban,Pennyghael, Isle of Mull,Torloisk, Isle of Mull",regional
PF000973,The Factoring Company (Edinburgh) Ltd,The Factoring Company (Edinburgh) Ltd,100.0,"EH6,EH9",2,,local
PF000215,The Highland Council,The Highland Council,100.0,"IV1,IV10,IV11,IV12,IV14,IV15,IV16,IV17,IV18,IV19,IV2,IV20,IV21,IV25,IV26,IV27,IV3,IV4,IV40,IV41,IV49,IV51,IV52,IV54,IV55,IV6,IV7,KW1,KW10,KW12,KW14,KW3,KW8,KW9,PH21,PH22,PH26,PH32,PH33,PH36,PH41,PH49,PH50",43,,national
PF001073,THE PROPERTY FACTORING COMPANY LTD,THE PROPERTY FACTORING COMPANY LTD,100.0,AB24,1,,local
PF000984,THE TENEMENT COMPANY (SCOTLAND) LTD,THE TENEMENT COMPANY (SCOTLAND) LTD,100.0,"G11,G51",2,,local
PF001060,The Water Row Company Ltd,The Water Row Company Ltd,100.0,G51,1,,local
PF000268,Thenue Housing Association Limited,Thenue Housing Association Limited,100.0,"G1,G31,G33,G4,G40,G45",6,,regional
PF000243,Thomson & Company Property Management Services Ltd,Thomson & Company Property Management Services Ltd,100.0,"KA20,KA21,KA22,KA23,KA24,KA28,KA29,KA30,PA17",9,"Fairlie,LARGS",regional
PF000762,Thomsons UK Limited,Thomsons UK Limited,100.0,IV31,1,,local
PF000262,TLC Property Management Ltd,TLC Property Management Ltd,100.0,KA3,1,,local
PF000261,Tollcross Housing Association Limited,Tollcross Housing Association Limited,100.0,"G31,G32",2,,local
PF001084,Tomintoul and Glenlivet Development Trust,Tomintoul and Glenlivet Development Trust,100.0,AB37,1,,local
PF000543,Toner and McCartney LLP,Toner and McCartney LLP,100.0,"KA10,KA11,KA19,KA3,KA6,KA7,KA8,KA9",8,,regional
PF000751,Tornagrain Services Limited,Tornagrain Services Limited,100.0,"IB2,IV2",2,,local
PF001032,Touchstone Corporate Property Services Limited,Touchstone Corporate Property Services Limited,100.0,"AB21,EH1,EH12,EH13,EH14,EH15,EH16,EH17,EH21,EH22,EH25,EH30,EH32,EH39,EH4,EH41,EH51,EH53,EH54,EH6,EH7,EH8,FK2",23,,national
PF000857,Town Property Management Ltd,Town Property Management Ltd,100.0,"G11,G72,PA1",3,,local
PF000285,Trafalgar Housing Association Limited,Trafalgar Housing Association Limited,100.0,G81,1,Clydebank,local
PF000170,Trinity Factoring Services Ltd,Trinity Factoring Services Ltd,100.0,"AB10,AB11,AB15,AB21,AB22,AB23,AB24,AB25,AB30,AB31,AB35,AB51,DD1,DD3,DD5,DD6,DD7,EH1,EH10,EH11,EH12,EH14,EH15,EH16,EH17,EH19,EH21,EH22,EH24,EH25,EH26,EH28,EH3,EH30,EH31,EH32,EH33,EH39,EH4,EH41,EH42,EH45,EH48,EH5,EH51,EH52,EH54,EH6,EH7,EH8,EH9,FK15,FK7,FK9,G1,G2,G3,G5,G73,G75,IV12,KY1,KY10,KY11,KY12,KY16,KY2,KY6,KY8,PA11,PA13,PH2,PH3,PH7,TD5",75,"Auchterarder,Balerno,Bonnyrigg,Dunbar,Dundee,Dyce,Edinburgh,Glenrothes,Inverurie,Kirkcaldy,Laurencekirk,Livingston,Ratho,Rosewell,Roslin",national
PF000638,Troon Property Factoring Services Ltd,Troon Property Factoring Services Ltd,100.0,KA10,1,,local
PF000333,Trust Housing Association Ltd,Trust Housing Association Ltd,100.0,"G66,ML1,ML2",3,"Motherwell,Wishaw",local
PF001059,Tyninghame Gardens Ltd,Tyninghame Gardens Ltd,100.0,EH42,1,Dunbar,local
PF001061,Urban Property (Scotland) Ltd,Urban Property (Scotland) Ltd,100.0,FK1,1,Polmont FK2 0YF,local
PF000364,Viewpoint Housing Association Limited,Viewpoint Housing Association Limited,100.0,"EH10,EH9",2,,local
PF000659,Vista Properties and Development Ltd,Vista Properties and Development Ltd,100.0,DD8,1,,local
PF000164,Walker Sandford Property Management Limited,Walker Sandford Property Management Limited,100.0,"G1,G11,G12,G13,G14,G2,G20,G21,G3,G31,G32,G4,G40,G41,G42,G43,G44,G46,G5,G51,G53,G64,G66,G81,G82,G84,ML5,PA1,PA2,PA3,PA4",31,,national
PF000404,Wanrobe Investments Limited,Wanrobe Investments Limited,100.0,DD2,1,,local
PF000271,Waverley Housing,Waverley Housing,100.0,"TD1,TD5,TD7,TD8,TD9",5,"GALASHIELS,HAWICK,JEDBURGH,KELSO",regional
PF000457,Waverley Property Maintenance Ltd,Waverley Property Maintenance Limited,100.0,EH54,1,,local
PF000109,Wellhouse Housing Association Ltd,Wellhouse Housing Association Ltd,100.0,G33,1,Glasgow,local
PF000334,West Dunbartonshire Council,West Dunbartonshire Council,100.0,"G60,G81,G82,G83",4,,local
PF000933,West End Concept Ltd,West End Concept Ltd,100.0,IV12,1,,local
PF000101,West Highland Housing Association Ltd,West Highland Housing Association Ltd,100.0,"PA34,PA35,PA37,PA38,PA42,PA43,PA44,PA64,PA75",9,"Barcaldine,Benderloch,Bowmore,Kilmelford,Lochdon,Oban,Port Appin,Port Ellen,Taynuilt,Tobermory",regional
PF001153,West Homes Property Management Ltd,West Homes Property Management Ltd,100.0,G63,1,,local
PF000711,West Lothian Council,West Lothian Council,100.0,"EH27,EH47,EH48,EH49,EH52,EH54,EH55",7,,regional
PF000641,West One Property Management & Factoring Ltd,West One Property Management & Factoring Ltd,100.0,DD1,1,,local
PF000910,Westburn Services Ltd,Westburn Services Ltd,100.0,DD5,1,,local
PF001008,Westscot Living Limited,Westscot Living Limited,100.0,"G11,G12,G2,G21,G3,G31,G4,G40,G41,G51,G53,G65,G67,G71,G72,G73,KA10,KA12,KA6,KA7,KA8,KA9,ML10,ML11,ML3,ML5,ML6,ML8",28,,national
PF000378,Wheatley Homes East Limited,Wheatley Homes East Limited,100.0,"EH1,EH10,EH11,EH12,EH13,EH14,EH16,EH17,EH19,EH2,EH21,EH22,EH26,EH3,EH4,EH49,EH54,EH6,EH7,EH8,EH9",21,,national
PF000287,Wheatley Homes Glasgow Limited,Wheatley Homes Glasgow Limited,100.0,"G1,G11,G12,G13,G14,G15,G20,G21,G22,G23,G3,G31,G32,G33,G34,G4,G40,G41,G42,G43,G44,G45,G46,G5,G51,G52,G53,G54,G64,G69,G76",31,,national
PF000358,Wheatley Homes South Limited,Wheatley Homes South Limited,100.0,"DG1,DG10,DG11,DG12,DG13,DG16,DG2,DG3,DG4,DG5,DG6,DG7,DG8,DG9",14,,regional
PF000216,Williamsburgh Housing Association Ltd,Williamsburgh Housing Association Ltd,100.0,"PA1,PA3,PA4,PA5",4,,local
PF000097,WS Property Management Limited,WS Property Management Limited,100.0,"G11,G14",2,,local
PF000935,Xenia Estates Ltd,Xenia Estates Ltd,100.0,"G1,G2",2,,local
PF000335,Yoker Housing Association Ltd,Yoker Housing Association Ltd,100.0,G14,1,,local
PF000220,Yorkhill Housing Association Ltd,Yorkhill Housing Association Ltd,100.0,G3,1,,local
PF000409,Your Local Factor Limited,Your Local Factor Limited,100.0,"AB45,FK1,FK10,FK13,FK15,FK17,FK2,FK3,FK5,FK8,FK9,G42,PA1",13,,regional
PF000684,YourLife Management Services Limited,YourLife Management Services Limited,100.0,"AB15,EH4,G46",3,,local
